Target,Class,Type,Vulnerability ID,Package,Installed Version,Fixed Version,Severity,Status
health-watch-worker:test (debian 13.6),os-pkgs,debian,CVE-2011-3374,apt,3.0.3,,LOW,affected
health-watch-worker:test (debian 13.6),os-pkgs,debian,TEMP-0841856-B18BAF,bash,5.2.37-2+b9,,LOW,affected
health-watch-worker:test (debian 13.6),os-pkgs,debian,CVE-2026-3184,bsdutils,1:2.41.5-0+deb13u1,,MEDIUM,affected
health-watch-worker:test (debian 13.6),os-pkgs,debian,CVE-2022-0563,bsdutils,1:2.41.5-0+deb13u1,,LOW,affected
health-watch-worker:test (debian 13.6),os-pkgs,debian,CVE-2017-18018,coreutils,9.7-3,,LOW,affected
health-watch-worker:test (debian 13.6),os-pkgs,debian,CVE-2025-5278,coreutils,9.7-3,,LOW,affected
health-watch-worker:test (debian 13.6),os-pkgs,debian,CVE-2026-56391,coreutils,9.7-3,,LOW,affected
health-watch-worker:test (debian 13.6),os-pkgs,debian,CVE-2026-56392,coreutils,9.7-3,,LOW,affected
health-watch-worker:test (debian 13.6),os-pkgs,debian,CVE-2026-53910,diffutils,1:3.10-4,,LOW,affected
health-watch-worker:test (debian 13.6),os-pkgs,debian,CVE-2026-41992,gzip,1.13-1,,HIGH,affected
health-watch-worker:test (debian 13.6),os-pkgs,debian,CVE-2026-41991,gzip,1.13-1,,MEDIUM,affected
health-watch-worker:test (debian 13.6),os-pkgs,debian,CVE-2026-54369,libacl1,2.3.2-2+b1,,HIGH,affected
health-watch-worker:test (debian 13.6),os-pkgs,debian,CVE-2026-54370,libacl1,2.3.2-2+b1,,MEDIUM,affected
health-watch-worker:test (debian 13.6),os-pkgs,debian,CVE-2011-3374,libapt-pkg7.0,3.0.3,,LOW,affected
health-watch-worker:test (debian 13.6),os-pkgs,debian,CVE-2026-54371,libattr1,1:2.5.2-3,,MEDIUM,affected
health-watch-worker:test (debian 13.6),os-pkgs,debian,CVE-2026-3184,libblkid1,2.41.5-0+deb13u1,,MEDIUM,affected
health-watch-worker:test (debian 13.6),os-pkgs,debian,CVE-2022-0563,libblkid1,2.41.5-0+deb13u1,,LOW,affected
health-watch-worker:test (debian 13.6),os-pkgs,debian,CVE-2026-42250,libbz2-1.0,1.0.8-6,,MEDIUM,affected
health-watch-worker:test (debian 13.6),os-pkgs,debian,CVE-2026-19499,libc-bin,2.41-12+deb13u3,,MEDIUM,affected
health-watch-worker:test (debian 13.6),os-pkgs,debian,CVE-2026-19542,libc-bin,2.41-12+deb13u3,,MEDIUM,affected
health-watch-worker:test (debian 13.6),os-pkgs,debian,CVE-2026-5435,libc-bin,2.41-12+deb13u3,,MEDIUM,affected
health-watch-worker:test (debian 13.6),os-pkgs,debian,CVE-2026-5450,libc-bin,2.41-12+deb13u3,,MEDIUM,affected
health-watch-worker:test (debian 13.6),os-pkgs,debian,CVE-2026-5928,libc-bin,2.41-12+deb13u3,,MEDIUM,affected
health-watch-worker:test (debian 13.6),os-pkgs,debian,CVE-2026-6238,libc-bin,2.41-12+deb13u3,,MEDIUM,affected
health-watch-worker:test (debian 13.6),os-pkgs,debian,CVE-2026-6368,libc-bin,2.41-12+deb13u3,,MEDIUM,affected
health-watch-worker:test (debian 13.6),os-pkgs,debian,CVE-2026-6791,libc-bin,2.41-12+deb13u3,,MEDIUM,affected
health-watch-worker:test (debian 13.6),os-pkgs,debian,CVE-2026-77117,libc-bin,2.41-12+deb13u3,,MEDIUM,affected
health-watch-worker:test (debian 13.6),os-pkgs,debian,CVE-2026-80489,libc-bin,2.41-12+deb13u3,,MEDIUM,affected
health-watch-worker:test (debian 13.6),os-pkgs,debian,CVE-2010-4756,libc-bin,2.41-12+deb13u3,,LOW,affected
health-watch-worker:test (debian 13.6),os-pkgs,debian,CVE-2018-20796,libc-bin,2.41-12+deb13u3,,LOW,affected
health-watch-worker:test (debian 13.6),os-pkgs,debian,CVE-2019-1010022,libc-bin,2.41-12+deb13u3,,LOW,affected
health-watch-worker:test (debian 13.6),os-pkgs,debian,CVE-2019-1010023,libc-bin,2.41-12+deb13u3,,LOW,affected
health-watch-worker:test (debian 13.6),os-pkgs,debian,CVE-2019-1010024,libc-bin,2.41-12+deb13u3,,LOW,affected
health-watch-worker:test (debian 13.6),os-pkgs,debian,CVE-2019-1010025,libc-bin,2.41-12+deb13u3,,LOW,affected
health-watch-worker:test (debian 13.6),os-pkgs,debian,CVE-2019-9192,libc-bin,2.41-12+deb13u3,,LOW,affected
health-watch-worker:test (debian 13.6),os-pkgs,debian,CVE-2026-19499,libc6,2.41-12+deb13u3,,MEDIUM,affected
health-watch-worker:test (debian 13.6),os-pkgs,debian,CVE-2026-19542,libc6,2.41-12+deb13u3,,MEDIUM,affected
health-watch-worker:test (debian 13.6),os-pkgs,debian,CVE-2026-5435,libc6,2.41-12+deb13u3,,MEDIUM,affected
health-watch-worker:test (debian 13.6),os-pkgs,debian,CVE-2026-5450,libc6,2.41-12+deb13u3,,MEDIUM,affected
health-watch-worker:test (debian 13.6),os-pkgs,debian,CVE-2026-5928,libc6,2.41-12+deb13u3,,MEDIUM,affected
health-watch-worker:test (debian 13.6),os-pkgs,debian,CVE-2026-6238,libc6,2.41-12+deb13u3,,MEDIUM,affected
health-watch-worker:test (debian 13.6),os-pkgs,debian,CVE-2026-6368,libc6,2.41-12+deb13u3,,MEDIUM,affected
health-watch-worker:test (debian 13.6),os-pkgs,debian,CVE-2026-6791,libc6,2.41-12+deb13u3,,MEDIUM,affected
health-watch-worker:test (debian 13.6),os-pkgs,debian,CVE-2026-77117,libc6,2.41-12+deb13u3,,MEDIUM,affected
health-watch-worker:test (debian 13.6),os-pkgs,debian,CVE-2026-80489,libc6,2.41-12+deb13u3,,MEDIUM,affected
health-watch-worker:test (debian 13.6),os-pkgs,debian,CVE-2010-4756,libc6,2.41-12+deb13u3,,LOW,affected
health-watch-worker:test (debian 13.6),os-pkgs,debian,CVE-2018-20796,libc6,2.41-12+deb13u3,,LOW,affected
health-watch-worker:test (debian 13.6),os-pkgs,debian,CVE-2019-1010022,libc6,2.41-12+deb13u3,,LOW,affected
health-watch-worker:test (debian 13.6),os-pkgs,debian,CVE-2019-1010023,libc6,2.41-12+deb13u3,,LOW,affected
health-watch-worker:test (debian 13.6),os-pkgs,debian,CVE-2019-1010024,libc6,2.41-12+deb13u3,,LOW,affected
health-watch-worker:test (debian 13.6),os-pkgs,debian,CVE-2019-1010025,libc6,2.41-12+deb13u3,,LOW,affected
health-watch-worker:test (debian 13.6),os-pkgs,debian,CVE-2019-9192,libc6,2.41-12+deb13u3,,LOW,affected
health-watch-worker:test (debian 13.6),os-pkgs,debian,CVE-2026-3184,liblastlog2-2,2.41.5-0+deb13u1,,MEDIUM,affected
health-watch-worker:test (debian 13.6),os-pkgs,debian,CVE-2022-0563,liblastlog2-2,2.41.5-0+deb13u1,,LOW,affected
health-watch-worker:test (debian 13.6),os-pkgs,debian,CVE-2026-3184,libmount1,2.41.5-0+deb13u1,,MEDIUM,affected
health-watch-worker:test (debian 13.6),os-pkgs,debian,CVE-2022-0563,libmount1,2.41.5-0+deb13u1,,LOW,affected
health-watch-worker:test (debian 13.6),os-pkgs,debian,CVE-2025-69720,libncursesw6,6.5+20250216-2,,HIGH,affected
health-watch-worker:test (debian 13.6),os-pkgs,debian,CVE-2025-6141,libncursesw6,6.5+20250216-2,,LOW,affected
health-watch-worker:test (debian 13.6),os-pkgs,debian,CVE-2026-54411,libpam-modules,1.7.0-5,,MEDIUM,affected
health-watch-worker:test (debian 13.6),os-pkgs,debian,CVE-2026-54411,libpam-modules-bin,1.7.0-5,,MEDIUM,affected
health-watch-worker:test (debian 13.6),os-pkgs,debian,CVE-2026-54411,libpam-runtime,1.7.0-5,,MEDIUM,affected
health-watch-worker:test (debian 13.6),os-pkgs,debian,CVE-2026-54411,libpam0g,1.7.0-5,,MEDIUM,affected
health-watch-worker:test (debian 13.6),os-pkgs,debian,CVE-2026-3184,libsmartcols1,2.41.5-0+deb13u1,,MEDIUM,affected
health-watch-worker:test (debian 13.6),os-pkgs,debian,CVE-2022-0563,libsmartcols1,2.41.5-0+deb13u1,,LOW,affected
health-watch-worker:test (debian 13.6),os-pkgs,debian,CVE-2026-11822,libsqlite3-0,3.46.1-7+deb13u1,,HIGH,affected
health-watch-worker:test (debian 13.6),os-pkgs,debian,CVE-2026-11824,libsqlite3-0,3.46.1-7+deb13u1,,HIGH,affected
health-watch-worker:test (debian 13.6),os-pkgs,debian,CVE-2026-50812,libsqlite3-0,3.46.1-7+deb13u1,,MEDIUM,affected
health-watch-worker:test (debian 13.6),os-pkgs,debian,CVE-2026-50813,libsqlite3-0,3.46.1-7+deb13u1,,MEDIUM,affected
health-watch-worker:test (debian 13.6),os-pkgs,debian,CVE-2021-45346,libsqlite3-0,3.46.1-7+deb13u1,,LOW,affected
health-watch-worker:test (debian 13.6),os-pkgs,debian,CVE-2025-70873,libsqlite3-0,3.46.1-7+deb13u1,,LOW,affected
health-watch-worker:test (debian 13.6),os-pkgs,debian,CVE-2026-14456,libssl3t64,3.5.6-1~deb13u2,3.5.7-1~deb13u2,HIGH,fixed
health-watch-worker:test (debian 13.6),os-pkgs,debian,CVE-2026-18798,libssl3t64,3.5.6-1~deb13u2,3.5.7-1~deb13u2,MEDIUM,fixed
health-watch-worker:test (debian 13.6),os-pkgs,debian,CVE-2026-63072,libssl3t64,3.5.6-1~deb13u2,3.5.7-1~deb13u2,MEDIUM,fixed
health-watch-worker:test (debian 13.6),os-pkgs,debian,CVE-2026-63076,libssl3t64,3.5.6-1~deb13u2,3.5.7-1~deb13u2,MEDIUM,fixed
health-watch-worker:test (debian 13.6),os-pkgs,debian,CVE-2026-14457,libssl3t64,3.5.6-1~deb13u2,3.5.7-1~deb13u2,LOW,fixed
health-watch-worker:test (debian 13.6),os-pkgs,debian,CVE-2026-54874,libssl3t64,3.5.6-1~deb13u2,3.5.7-1~deb13u2,LOW,fixed
health-watch-worker:test (debian 13.6),os-pkgs,debian,CVE-2026-63073,libssl3t64,3.5.6-1~deb13u2,3.5.7-1~deb13u2,LOW,fixed
health-watch-worker:test (debian 13.6),os-pkgs,debian,CVE-2026-63074,libssl3t64,3.5.6-1~deb13u2,3.5.7-1~deb13u2,LOW,fixed
health-watch-worker:test (debian 13.6),os-pkgs,debian,CVE-2026-63075,libssl3t64,3.5.6-1~deb13u2,3.5.7-1~deb13u2,LOW,fixed
health-watch-worker:test (debian 13.6),os-pkgs,debian,CVE-2026-75803,libssl3t64,3.5.6-1~deb13u2,3.5.7-1~deb13u2,LOW,fixed
health-watch-worker:test (debian 13.6),os-pkgs,debian,CVE-2026-15059,libsystemd0,257.13-1~deb13u1,,MEDIUM,affected
health-watch-worker:test (debian 13.6),os-pkgs,debian,CVE-2026-16742,libsystemd0,257.13-1~deb13u1,,MEDIUM,affected
health-watch-worker:test (debian 13.6),os-pkgs,debian,CVE-2013-4392,libsystemd0,257.13-1~deb13u1,,LOW,affected
health-watch-worker:test (debian 13.6),os-pkgs,debian,CVE-2023-31437,libsystemd0,257.13-1~deb13u1,,LOW,affected
health-watch-worker:test (debian 13.6),os-pkgs,debian,CVE-2023-31438,libsystemd0,257.13-1~deb13u1,,LOW,affected
health-watch-worker:test (debian 13.6),os-pkgs,debian,CVE-2023-31439,libsystemd0,257.13-1~deb13u1,,LOW,affected
health-watch-worker:test (debian 13.6),os-pkgs,debian,CVE-2026-40228,libsystemd0,257.13-1~deb13u1,,LOW,affected
health-watch-worker:test (debian 13.6),os-pkgs,debian,CVE-2025-69720,libtinfo6,6.5+20250216-2,,HIGH,affected
health-watch-worker:test (debian 13.6),os-pkgs,debian,CVE-2025-6141,libtinfo6,6.5+20250216-2,,LOW,affected
health-watch-worker:test (debian 13.6),os-pkgs,debian,CVE-2026-15059,libudev1,257.13-1~deb13u1,,MEDIUM,affected
health-watch-worker:test (debian 13.6),os-pkgs,debian,CVE-2026-16742,libudev1,257.13-1~deb13u1,,MEDIUM,affected
health-watch-worker:test (debian 13.6),os-pkgs,debian,CVE-2013-4392,libudev1,257.13-1~deb13u1,,LOW,affected
health-watch-worker:test (debian 13.6),os-pkgs,debian,CVE-2023-31437,libudev1,257.13-1~deb13u1,,LOW,affected
health-watch-worker:test (debian 13.6),os-pkgs,debian,CVE-2023-31438,libudev1,257.13-1~deb13u1,,LOW,affected
health-watch-worker:test (debian 13.6),os-pkgs,debian,CVE-2023-31439,libudev1,257.13-1~deb13u1,,LOW,affected
health-watch-worker:test (debian 13.6),os-pkgs,debian,CVE-2026-40228,libudev1,257.13-1~deb13u1,,LOW,affected
health-watch-worker:test (debian 13.6),os-pkgs,debian,CVE-2026-3184,libuuid1,2.41.5-0+deb13u1,,MEDIUM,affected
health-watch-worker:test (debian 13.6),os-pkgs,debian,CVE-2022-0563,libuuid1,2.41.5-0+deb13u1,,LOW,affected
health-watch-worker:test (debian 13.6),os-pkgs,debian,CVE-2026-3184,login,1:4.16.0-2+really2.41.5-0+deb13u1,,MEDIUM,affected
health-watch-worker:test (debian 13.6),os-pkgs,debian,CVE-2022-0563,login,1:4.16.0-2+really2.41.5-0+deb13u1,,LOW,affected
health-watch-worker:test (debian 13.6),os-pkgs,debian,CVE-2007-5686,login.defs,1:4.17.4-2,,LOW,affected
health-watch-worker:test (debian 13.6),os-pkgs,debian,CVE-2024-56433,login.defs,1:4.17.4-2,,LOW,affected
health-watch-worker:test (debian 13.6),os-pkgs,debian,TEMP-0628843-DBAD28,login.defs,1:4.17.4-2,,LOW,affected
health-watch-worker:test (debian 13.6),os-pkgs,debian,CVE-2026-3184,mount,2.41.5-0+deb13u1,,MEDIUM,affected
health-watch-worker:test (debian 13.6),os-pkgs,debian,CVE-2022-0563,mount,2.41.5-0+deb13u1,,LOW,affected
health-watch-worker:test (debian 13.6),os-pkgs,debian,CVE-2025-69720,ncurses-base,6.5+20250216-2,,HIGH,affected
health-watch-worker:test (debian 13.6),os-pkgs,debian,CVE-2025-6141,ncurses-base,6.5+20250216-2,,LOW,affected
health-watch-worker:test (debian 13.6),os-pkgs,debian,CVE-2025-69720,ncurses-bin,6.5+20250216-2,,HIGH,affected
health-watch-worker:test (debian 13.6),os-pkgs,debian,CVE-2025-6141,ncurses-bin,6.5+20250216-2,,LOW,affected
health-watch-worker:test (debian 13.6),os-pkgs,debian,CVE-2026-14456,openssl,3.5.6-1~deb13u2,3.5.7-1~deb13u2,HIGH,fixed
health-watch-worker:test (debian 13.6),os-pkgs,debian,CVE-2026-18798,openssl,3.5.6-1~deb13u2,3.5.7-1~deb13u2,MEDIUM,fixed
health-watch-worker:test (debian 13.6),os-pkgs,debian,CVE-2026-63072,openssl,3.5.6-1~deb13u2,3.5.7-1~deb13u2,MEDIUM,fixed
health-watch-worker:test (debian 13.6),os-pkgs,debian,CVE-2026-63076,openssl,3.5.6-1~deb13u2,3.5.7-1~deb13u2,MEDIUM,fixed
health-watch-worker:test (debian 13.6),os-pkgs,debian,CVE-2026-14457,openssl,3.5.6-1~deb13u2,3.5.7-1~deb13u2,LOW,fixed
health-watch-worker:test (debian 13.6),os-pkgs,debian,CVE-2026-54874,openssl,3.5.6-1~deb13u2,3.5.7-1~deb13u2,LOW,fixed
health-watch-worker:test (debian 13.6),os-pkgs,debian,CVE-2026-63073,openssl,3.5.6-1~deb13u2,3.5.7-1~deb13u2,LOW,fixed
health-watch-worker:test (debian 13.6),os-pkgs,debian,CVE-2026-63074,openssl,3.5.6-1~deb13u2,3.5.7-1~deb13u2,LOW,fixed
health-watch-worker:test (debian 13.6),os-pkgs,debian,CVE-2026-63075,openssl,3.5.6-1~deb13u2,3.5.7-1~deb13u2,LOW,fixed
health-watch-worker:test (debian 13.6),os-pkgs,debian,CVE-2026-75803,openssl,3.5.6-1~deb13u2,3.5.7-1~deb13u2,LOW,fixed
health-watch-worker:test (debian 13.6),os-pkgs,debian,CVE-2026-14456,openssl-provider-legacy,3.5.6-1~deb13u2,3.5.7-1~deb13u2,HIGH,fixed
health-watch-worker:test (debian 13.6),os-pkgs,debian,CVE-2026-18798,openssl-provider-legacy,3.5.6-1~deb13u2,3.5.7-1~deb13u2,MEDIUM,fixed
health-watch-worker:test (debian 13.6),os-pkgs,debian,CVE-2026-63072,openssl-provider-legacy,3.5.6-1~deb13u2,3.5.7-1~deb13u2,MEDIUM,fixed
health-watch-worker:test (debian 13.6),os-pkgs,debian,CVE-2026-63076,openssl-provider-legacy,3.5.6-1~deb13u2,3.5.7-1~deb13u2,MEDIUM,fixed
health-watch-worker:test (debian 13.6),os-pkgs,debian,CVE-2026-14457,openssl-provider-legacy,3.5.6-1~deb13u2,3.5.7-1~deb13u2,LOW,fixed
health-watch-worker:test (debian 13.6),os-pkgs,debian,CVE-2026-54874,openssl-provider-legacy,3.5.6-1~deb13u2,3.5.7-1~deb13u2,LOW,fixed
health-watch-worker:test (debian 13.6),os-pkgs,debian,CVE-2026-63073,openssl-provider-legacy,3.5.6-1~deb13u2,3.5.7-1~deb13u2,LOW,fixed
health-watch-worker:test (debian 13.6),os-pkgs,debian,CVE-2026-63074,openssl-provider-legacy,3.5.6-1~deb13u2,3.5.7-1~deb13u2,LOW,fixed
health-watch-worker:test (debian 13.6),os-pkgs,debian,CVE-2026-63075,openssl-provider-legacy,3.5.6-1~deb13u2,3.5.7-1~deb13u2,LOW,fixed
health-watch-worker:test (debian 13.6),os-pkgs,debian,CVE-2026-75803,openssl-provider-legacy,3.5.6-1~deb13u2,3.5.7-1~deb13u2,LOW,fixed
health-watch-worker:test (debian 13.6),os-pkgs,debian,CVE-2007-5686,passwd,1:4.17.4-2,,LOW,affected
health-watch-worker:test (debian 13.6),os-pkgs,debian,CVE-2024-56433,passwd,1:4.17.4-2,,LOW,affected
health-watch-worker:test (debian 13.6),os-pkgs,debian,TEMP-0628843-DBAD28,passwd,1:4.17.4-2,,LOW,affected
health-watch-worker:test (debian 13.6),os-pkgs,debian,CVE-2026-13221,perl-base,5.40.1-6,,CRITICAL,affected
health-watch-worker:test (debian 13.6),os-pkgs,debian,CVE-2026-42496,perl-base,5.40.1-6,,CRITICAL,fix_deferred
health-watch-worker:test (debian 13.6),os-pkgs,debian,CVE-2026-8376,perl-base,5.40.1-6,,CRITICAL,affected
health-watch-worker:test (debian 13.6),os-pkgs,debian,CVE-2026-42497,perl-base,5.40.1-6,,HIGH,fix_deferred
health-watch-worker:test (debian 13.6),os-pkgs,debian,CVE-2026-48962,perl-base,5.40.1-6,,HIGH,affected
health-watch-worker:test (debian 13.6),os-pkgs,debian,CVE-2026-57432,perl-base,5.40.1-6,,HIGH,affected
health-watch-worker:test (debian 13.6),os-pkgs,debian,CVE-2026-57433,perl-base,5.40.1-6,,HIGH,affected
health-watch-worker:test (debian 13.6),os-pkgs,debian,CVE-2026-9538,perl-base,5.40.1-6,,HIGH,fix_deferred
health-watch-worker:test (debian 13.6),os-pkgs,debian,CVE-2025-15649,perl-base,5.40.1-6,,MEDIUM,affected
health-watch-worker:test (debian 13.6),os-pkgs,debian,CVE-2026-12087,perl-base,5.40.1-6,,MEDIUM,affected
health-watch-worker:test (debian 13.6),os-pkgs,debian,CVE-2026-48959,perl-base,5.40.1-6,,MEDIUM,affected
health-watch-worker:test (debian 13.6),os-pkgs,debian,CVE-2026-48961,perl-base,5.40.1-6,,MEDIUM,affected
health-watch-worker:test (debian 13.6),os-pkgs,debian,CVE-2026-7010,perl-base,5.40.1-6,,MEDIUM,affected
health-watch-worker:test (debian 13.6),os-pkgs,debian,CVE-2026-7017,perl-base,5.40.1-6,,MEDIUM,affected
health-watch-worker:test (debian 13.6),os-pkgs,debian,CVE-2011-4116,perl-base,5.40.1-6,,LOW,affected
health-watch-worker:test (debian 13.6),os-pkgs,debian,TEMP-0517018-A83CE6,sysvinit-utils,3.14-4,,LOW,affected
health-watch-worker:test (debian 13.6),os-pkgs,debian,CVE-2026-18477,tar,1.35+dfsg-3.1,,MEDIUM,affected
health-watch-worker:test (debian 13.6),os-pkgs,debian,CVE-2026-18508,tar,1.35+dfsg-3.1,,MEDIUM,affected
health-watch-worker:test (debian 13.6),os-pkgs,debian,CVE-2026-5704,tar,1.35+dfsg-3.1,,MEDIUM,affected
health-watch-worker:test (debian 13.6),os-pkgs,debian,CVE-2005-2541,tar,1.35+dfsg-3.1,,LOW,affected
health-watch-worker:test (debian 13.6),os-pkgs,debian,TEMP-0290435-0B57B5,tar,1.35+dfsg-3.1,,LOW,affected
health-watch-worker:test (debian 13.6),os-pkgs,debian,CVE-2026-3184,util-linux,2.41.5-0+deb13u1,,MEDIUM,affected
health-watch-worker:test (debian 13.6),os-pkgs,debian,CVE-2022-0563,util-linux,2.41.5-0+deb13u1,,LOW,affected
health-watch-worker:test (debian 13.6),os-pkgs,debian,CVE-2026-27171,zlib1g,1:1.3.dfsg+really1.3.1-1+b1,,MEDIUM,affected
Python,lang-pkgs,python-pkg,CVE-2025-43859,h11,0.14.0,0.16.0,CRITICAL,fixed
Python,lang-pkgs,python-pkg,CVE-2026-45409,idna,3.10,3.15,MEDIUM,fixed
Python,lang-pkgs,python-pkg,CVE-2026-23949,jaraco.context,5.3.0,6.1.0,HIGH,fixed
Python,lang-pkgs,python-pkg,CVE-2025-14009,nltk,3.9.1,3.9.3,CRITICAL,fixed
Python,lang-pkgs,python-pkg,CVE-2025-71408,nltk,3.9.1,3.9.3,HIGH,fixed
Python,lang-pkgs,python-pkg,CVE-2026-0846,nltk,3.9.1,3.9.3,HIGH,fixed
Python,lang-pkgs,python-pkg,CVE-2026-0847,nltk,3.9.1,,HIGH,affected
Python,lang-pkgs,python-pkg,CVE-2026-12061,nltk,3.9.1,3.10.0,HIGH,fixed
Python,lang-pkgs,python-pkg,CVE-2026-12072,nltk,3.9.1,3.10.0,HIGH,fixed
Python,lang-pkgs,python-pkg,CVE-2026-12074,nltk,3.9.1,3.10.0,HIGH,fixed
Python,lang-pkgs,python-pkg,CVE-2026-12075,nltk,3.9.1,3.10.0,HIGH,fixed
Python,lang-pkgs,python-pkg,CVE-2026-33231,nltk,3.9.1,3.9.4,HIGH,fixed
Python,lang-pkgs,python-pkg,CVE-2026-33236,nltk,3.9.1,,HIGH,affected
Python,lang-pkgs,python-pkg,CVE-2026-54293,nltk,3.9.1,3.10.0,HIGH,fixed
Python,lang-pkgs,python-pkg,CVE-2026-33230,nltk,3.9.1,3.9.4,MEDIUM,fixed
Python,lang-pkgs,python-pkg,GHSA-rf74-v2fm-23pw,nltk,3.9.1,,MEDIUM,affected
Python,lang-pkgs,python-pkg,CVE-2023-5752,pip,23.0.1,23.3,MEDIUM,fixed
Python,lang-pkgs,python-pkg,CVE-2025-8869,pip,23.0.1,25.3,MEDIUM,fixed
Python,lang-pkgs,python-pkg,CVE-2026-3219,pip,23.0.1,26.1,MEDIUM,fixed
Python,lang-pkgs,python-pkg,CVE-2026-6357,pip,23.0.1,26.1,MEDIUM,fixed
Python,lang-pkgs,python-pkg,CVE-2026-8643,pip,23.0.1,26.1.2,MEDIUM,fixed
Python,lang-pkgs,python-pkg,CVE-2026-1703,pip,23.0.1,26.0,LOW,fixed
Python,lang-pkgs,python-pkg,CVE-2026-28684,python-dotenv,1.0.1,1.2.2,MEDIUM,fixed
Python,lang-pkgs,python-pkg,CVE-2026-59890,setuptools,79.0.1,83.0.0,MEDIUM,fixed
Python,lang-pkgs,python-pkg,CVE-2026-24049,wheel,0.45.1,0.46.2,HIGH,fixed
